{"acc":0.914509595385529,"loss":0.08517039304100413,"_timestamp":1.734623147231877e+09,"_runtime":0.964844229,"_step":7,"_wandb":{"runtime":1}}